{
  "input": [[5.46083593, 5.4607642, 5.4607643, 5.46083593, 5.46076452]],
  "output": [
    {
      "high": 5.46083593,
      "low": 5.4607642,
      "open": 5.4607643,
      "close": 5.46083593,
      "weightedAverage": 5.46076452
    }
  ]
}
