{
  "input": {
    "high": 5.46083593,
    "low": 5.4607642,
    "open": 5.4607643,
    "close": 5.46083593,
    "volume": 976.3941426,
    "quoteVolume": 178.80172982,
    "weightedAverage": 5.46076452
  },
  "output": [
    5.46083593,
    5.4607642,
    5.4607643,
    5.46083593,
    976.3941426,
    178.80172982,
    5.46076452
  ]
}
